,precision,recall,f1-score,support,accuracy_overall,roc_auc
0,0.4700854700854701,0.3691275167785235,0.4135338345864662,298.0,0.5008,0.5057467725714755
1,0.5191815856777494,0.6207951070336392,0.5654596100278552,327.0,0.5008,0.5057467725714755
accuracy,0.5008,0.5008,0.5008,0.5008,0.5008,0.5057467725714755
macro avg,0.49463352788160975,0.49496131190608134,0.4894967223071607,625.0,0.5008,0.5057467725714755
weighted avg,0.4957725577633506,0.5008,0.49302140029740094,625.0,0.5008,0.5057467725714755
